Channel Name,Date,Description,Tags,No of likes,No of Comments
islamicspeechesofficial,2022-12-10,Mufti Sb Ko bhi Bemdi Pasand He ğŸ¤£ğŸ¤£ğŸ¤£ğŸ¤£ğŸ¤£,"['#tariqmasoodfunnyspeech', '#funnybayan', '#MTM', '#tariqmasoodbayan', '#muftitariqmasood', '#islamicspeeches']",1738,13
muskan,ğŸ¤£ğŸ¤£ğŸ¤£ğŸ¤£ğŸ¤£,1-25
TDM ATTACK ğŸ‘‘ğŸ‘¿,ğŸ˜‚ğŸ˜‚,1-21
salim,right,1-3
muzammilk78,ğŸ˜‚ğŸ˜‚ğŸ˜‚ğŸ˜‚ğŸ˜‚,2022-12-15
shareef bhai ğŸ˜Œ,ğŸ˜‚ğŸ˜‚ğŸ˜‚ğŸ˜‚ğŸ˜‚ğŸ˜‚ğŸ˜‚ğŸ˜‚ğŸ˜‚ğŸ˜‚ğŸ˜‚ğŸ˜‚ğŸ˜‚ğŸ˜‚ğŸ˜‚ğŸ˜‚ğŸ˜‚ğŸ˜‚ğŸ˜‚ğŸ˜‚,2022-12-15
islamicspeechesofficial,2022-12-5,Islami Films ğŸ¤£ğŸ¤£ğŸ¤£ğŸ¤£,"['#muftitariqmasood', '#tariqmasood', '#islamicspeeches', '#tariqmasoodbayan', '#MTM', '#funnybayan', '#tariqmasoodfunnyspeech']",6435,59
ğŸ˜‰âœ³ğŸ”£âœ³HaseebğŸAliâœ´ğŸ”£âœ´ğŸ˜‰,RightğŸ˜‚ğŸ˜‚ğŸ˜‰,2022-12-5
ğŸ’”Naseer by ğŸ’”,nice g,2022-12-5
MaÙ„ikğŸ‘‘,ğŸ˜‚ğŸ˜‚,6d ago
user3737278181440,ğŸ˜…ğŸ˜…ğŸ˜…,1-31
Alvi Sahab.,ğŸ˜‚ğŸ˜‚ğŸ˜‚,1-23
islamicspeechesofficial,2022-10-29,Khaja-Sara/Shemale/Ø®ÙˆØ§Ø¬Û Ø³Ø±Ø§,"['#StemDrop001', '#tariqmasoodbayan', '#islamicspeeches', '#shemale', '#khajasara', '#mufti_tariq_masood_shb']",3459,12
muhammad Ibrahim,ğŸ¥°ğŸ¥°ğŸ¥°ğŸ¥°,2-3
USAMA PIRZADA LLC,ğŸ¥°ğŸ¥°ğŸ¥°ğŸ¥°ğŸ¥°ğŸ¥°,2022-11-28
m2king60,very good,2022-11-19
mehrabali3871,ğŸ¥°ğŸ¥°ğŸ¥°,2022-11-6
mohammadshoaib046,ğŸ¥°geo sirğŸ¥° righr,2022-11-6
islamicspeechesofficial,2022-10-16,BaNigahi Ka Nuqsan/Eye opening Bayan ğŸ¤•ğŸ˜¢ğŸ˜· ğŸ˜¯,"['#askmuftitariqmasood', '#DidYouYawn', '#muftitariqmasoodbestbayan', '#tariqmasoodnewbayan', '#tariqmasoodnazarki', '#nazarkihifazat', '#beNigahi', '#badnazri', '#eyeopeningspeech', '#eyeopeningbayan', '#emotionalbayan']",7300,48
Aamir Khan,Ya Allah mujay or tamam muslmano hidayat de Ameen,2022-10-19
B I L ä¹ˆ L ğŸ¤¬,Allah ğŸ’–ğŸ’–ğŸ’–,2022-10-17
user52220663277405,ğŸ¥°ğŸ¥°ğŸ¤²ğŸ»ğŸ˜­âœŒï¸ğŸ’”,2022-12-9
ğŸ”¥King ğŸ‘‘ğŸŒ¹,QurbanğŸ¥°ğŸ¥°,2022-10-26
ğŸ–¤,ğŸ˜¢ğŸ˜¥ğŸ¤²ğŸ¤²ğŸ˜­ right,2022-10-22
islamicspeechesofficial,2022-10-14,ğŸ˜·ğŸ˜¢ğŸ¤•Ø§Û’ Ú©Ø§Ø´ /Ay Kash,"['#MTM', '#Muftitariqmasood', '#tariqmasood', '#tariqmasoodshadhibayan', '#tariqmasoodnewbayan', '#islamicspeeches', '#muftitariqmasoodbestbayan', '#aykash', '#askmuftitariqmasood']",4605,24
ğŸ”¥raRe PATHANğŸ”¥,Ø§Ø³ØªØºÙØ± Ø§Ù„Ù„Û Ø§Ù„Ø¹Ø¸ÛŒÙ… ÙˆØ¨Ø­Ù…Ø¯Û ğŸ¤²ğŸ¤ğŸ¤²ğŸ¤²ğŸ˜­ğŸ¤²ğŸ˜­ğŸ¤ğŸ¤²,2022-10-17
USAMA PIRZADA LLC,ğŸ¥°ğŸ¥°ğŸ¥°,2022-11-28
Faisal KhanğŸ¥°â˜ªâœ…,Ø§Ù„Ù„Ù‡ Ø§Ú©Ø¨Ø±â˜,2022-10-16
ilyas bhana,nice,2022-10-15
ğ—œğ—±ğ—¿ğ—²ğ—²ğ˜€ âœª,Allahamdulillah muji Apny Allah pai Yaqeen ha k wo muji or mery family walo ko right hand pai amal nama dega â˜ºï¸Pak ho ghunaho se Allahamdulillah,2022-11-14
